,knode_name,stochastic,observed,subj,node,tag,depends,hidden,subj_idx,trial,group,rt,response,prev_conf,accuracy,group_prev_conf,mean,std,2.5q,25q,50q,75q,97.5q,mc err
a(HC_conf_high),a,True,False,False,a(HC_conf_high),"('HC_conf_high',)",['group_prev_conf'],False,,,,,,,,HC_conf_high,2.228609022843793,0.10602599379399023,2.0224218791938076,2.1552841464324732,2.2298755905284153,2.3016868133558392,2.4297412595988668,0.0012393162990000023
a(HC_conf_low),a,True,False,False,a(HC_conf_low),"('HC_conf_low',)",['group_prev_conf'],False,,,,,,,,HC_conf_low,2.33264438411744,0.10308724665382352,2.1302022118410315,2.2644583900798203,2.333364433946413,2.4025213949527395,2.533757192531291,0.0013250553475922999
a(SSD_conf_high),a,True,False,False,a(SSD_conf_high),"('SSD_conf_high',)",['group_prev_conf'],False,,,,,,,,SSD_conf_high,2.4844409885060097,0.10890478227966266,2.272034434407878,2.410931645913655,2.483763410002559,2.5577652517409883,2.6965317582372528,0.0012986044124161714
a(SSD_conf_low),a,True,False,False,a(SSD_conf_low),"('SSD_conf_low',)",['group_prev_conf'],False,,,,,,,,SSD_conf_low,2.623554157583567,0.11057815358777177,2.4033626945442768,2.551009363745552,2.6231409953498206,2.6983898912165234,2.8383245048302586,0.0011670425363203853
a_std,a_std,True,False,False,a_std,(),[],False,,,,,,,,,0.47726419341880505,0.04230581179348369,0.4032701176881583,0.44707519799264606,0.4746762579673263,0.5036147032828776,0.5681435174135664,0.0005695169117313234
a_rate(HC_conf_high),a_rate,False,False,False,a_rate(HC_conf_high),"('HC_conf_high',)",['group_prev_conf'],True,,,,,,,,HC_conf_high,,,,,,,,
a_rate(HC_conf_low),a_rate,False,False,False,a_rate(HC_conf_low),"('HC_conf_low',)",['group_prev_conf'],True,,,,,,,,HC_conf_low,,,,,,,,
a_rate(SSD_conf_high),a_rate,False,False,False,a_rate(SSD_conf_high),"('SSD_conf_high',)",['group_prev_conf'],True,,,,,,,,SSD_conf_high,,,,,,,,
a_rate(SSD_conf_low),a_rate,False,False,False,a_rate(SSD_conf_low),"('SSD_conf_low',)",['group_prev_conf'],True,,,,,,,,SSD_conf_low,,,,,,,,
a_shape(HC_conf_high),a_shape,False,False,False,a_shape(HC_conf_high),"('HC_conf_high',)",['group_prev_conf'],True,,,,,,,,HC_conf_high,,,,,,,,
a_shape(HC_conf_low),a_shape,False,False,False,a_shape(HC_conf_low),"('HC_conf_low',)",['group_prev_conf'],True,,,,,,,,HC_conf_low,,,,,,,,
a_shape(SSD_conf_high),a_shape,False,False,False,a_shape(SSD_conf_high),"('SSD_conf_high',)",['group_prev_conf'],True,,,,,,,,SSD_conf_high,,,,,,,,
a_shape(SSD_conf_low),a_shape,False,False,False,a_shape(SSD_conf_low),"('SSD_conf_low',)",['group_prev_conf'],True,,,,,,,,SSD_conf_low,,,,,,,,
a_subj(HC_conf_high).1,a_subj,True,False,True,a_subj(HC_conf_high).1,"('HC_conf_high',)","['group_prev_conf', 'subj_idx']",False,1,,,,,,,HC_conf_high,1.5944093963226815,0.0643851704933366,1.4722126196332448,1.5496416134267506,1.5935853798095778,1.6364053308587998,1.725052129024476,0.0008045267476394493
a_subj(HC_conf_high).2,a_subj,True,False,True,a_subj(HC_conf_high).2,"('HC_conf_high',)","['group_prev_conf', 'subj_idx']",False,2,,,,,,,HC_conf_high,2.597282721320096,0.10994780895619387,2.3836316640023636,2.5236727478718723,2.596371771180543,2.667742994545327,2.8186010875336964,0.00169250326933167
a_subj(HC_conf_high).4,a_subj,True,False,True,a_subj(HC_conf_high).4,"('HC_conf_high',)","['group_prev_conf', 'subj_idx']",False,4,,,,,,,HC_conf_high,2.1782611585914076,0.09071129294273511,2.009071819285266,2.1162131625612535,2.1749001368689194,2.237925309301369,2.366402885439382,0.0014167053032137825
a_subj(HC_conf_high).8,a_subj,True,False,True,a_subj(HC_conf_high).8,"('HC_conf_high',)","['group_prev_conf', 'subj_idx']",False,8,,,,,,,HC_conf_high,1.8931062582004197,0.07345942219034692,1.7526477307650765,1.843527870175176,1.8908784150213314,1.9422052580009082,2.039279686358031,0.001157141042731437
a_subj(HC_conf_high).9,a_subj,True,False,True,a_subj(HC_conf_high).9,"('HC_conf_high',)","['group_prev_conf', 'subj_idx']",False,9,,,,,,,HC_conf_high,2.968560001810291,0.11769581767992056,2.7486901114880853,2.888509849365858,2.9649900865602326,3.0458160937022027,3.204208642526148,0.0015404448279074854
a_subj(HC_conf_high).12,a_subj,True,False,True,a_subj(HC_conf_high).12,"('HC_conf_high',)","['group_prev_conf', 'subj_idx']",False,12,,,,,,,HC_conf_high,2.591213552995243,0.10194550756280109,2.399623231170063,2.521832566335042,2.5901521213774426,2.6570808150273937,2.799701844072209,0.001384235087010761
a_subj(HC_conf_high).16,a_subj,True,False,True,a_subj(HC_conf_high).16,"('HC_conf_high',)","['group_prev_conf', 'subj_idx']",False,16,,,,,,,HC_conf_high,1.927377662064565,0.08104236623167611,1.7741413576789204,1.871273383673069,1.9258798423192927,1.981183650762804,2.0924765730216155,0.0011831551884469208
a_subj(HC_conf_high).18,a_subj,True,False,True,a_subj(HC_conf_high).18,"('HC_conf_high',)","['group_prev_conf', 'subj_idx']",False,18,,,,,,,HC_conf_high,1.8960265389489472,0.07481425049628702,1.7551036497900336,1.844995148295804,1.89405876384272,1.9449660110696656,2.0482311573289094,0.00130100312110483
a_subj(HC_conf_high).19,a_subj,True,False,True,a_subj(HC_conf_high).19,"('HC_conf_high',)","['group_prev_conf', 'subj_idx']",False,19,,,,,,,HC_conf_high,2.6833693216549808,0.111946253224748,2.4736246201359364,2.6058488312107584,2.681822752276554,2.7573428483756515,2.909589917341396,0.001585133306520684
a_subj(HC_conf_high).23,a_subj,True,False,True,a_subj(HC_conf_high).23,"('HC_conf_high',)","['group_prev_conf', 'subj_idx']",False,23,,,,,,,HC_conf_high,1.8433267413890988,0.06955974958065247,1.7123642258018221,1.795691958362383,1.8410031522241979,1.888752587724309,1.9862301789667263,0.0008093051228740636
a_subj(HC_conf_high).25,a_subj,True,False,True,a_subj(HC_conf_high).25,"('HC_conf_high',)","['group_prev_conf', 'subj_idx']",False,25,,,,,,,HC_conf_high,1.7975869213259608,0.09547022481030368,1.6121022480133433,1.7326215692639046,1.7962948302396375,1.861188495353305,1.9864549806844742,0.0019723547152314335
a_subj(HC_conf_high).26,a_subj,True,False,True,a_subj(HC_conf_high).26,"('HC_conf_high',)","['group_prev_conf', 'subj_idx']",False,26,,,,,,,HC_conf_high,2.355732653879579,0.096035122866752,2.176233337526555,2.2897236427899235,2.354351517545953,2.4179493484986034,2.5536989669922785,0.0011542354156606044
a_subj(HC_conf_high).29,a_subj,True,False,True,a_subj(HC_conf_high).29,"('HC_conf_high',)","['group_prev_conf', 'subj_idx']",False,29,,,,,,,HC_conf_high,2.3569106398365194,0.08831548351962192,2.1942344742118074,2.2967825853535495,2.3546601498544386,2.4143835653092385,2.5420548072860076,0.001281068616753601
a_subj(HC_conf_high).30,a_subj,True,False,True,a_subj(HC_conf_high).30,"('HC_conf_high',)","['group_prev_conf', 'subj_idx']",False,30,,,,,,,HC_conf_high,1.7164472401281827,0.06789395148522932,1.586916488567981,1.6698498314774395,1.7156287893061761,1.7615321180617716,1.8540765049877599,0.0010881574281388425
a_subj(HC_conf_high).31,a_subj,True,False,True,a_subj(HC_conf_high).31,"('HC_conf_high',)","['group_prev_conf', 'subj_idx']",False,31,,,,,,,HC_conf_high,2.7392441253282502,0.10045560038375427,2.5470922877256013,2.6694344605205615,2.74094417316686,2.8048348719482292,2.940409727452425,0.0012977878048605136
a_subj(HC_conf_high).32,a_subj,True,False,True,a_subj(HC_conf_high).32,"('HC_conf_high',)","['group_prev_conf', 'subj_idx']",False,32,,,,,,,HC_conf_high,2.5727073049180698,0.10179412508760614,2.3730168509471286,2.502895620759291,2.5699239814381154,2.6427337411922114,2.7728084037785363,0.0015490783030109015
a_subj(HC_conf_high).35,a_subj,True,False,True,a_subj(HC_conf_high).35,"('HC_conf_high',)","['group_prev_conf', 'subj_idx']",False,35,,,,,,,HC_conf_high,2.240541878641533,0.08669269365039664,2.0752583645112503,2.1808845661291985,2.2380698456841173,2.297372845481899,2.4156837938922475,0.0012321871544182488
a_subj(HC_conf_high).36,a_subj,True,False,True,a_subj(HC_conf_high).36,"('HC_conf_high',)","['group_prev_conf', 'subj_idx']",False,36,,,,,,,HC_conf_high,2.752871137572633,0.10942486109940865,2.546113405421133,2.6784344079785876,2.74845788590891,2.8259741630477664,2.9762509815659115,0.0014787242384587391
a_subj(HC_conf_high).37,a_subj,True,False,True,a_subj(HC_conf_high).37,"('HC_conf_high',)","['group_prev_conf', 'subj_idx']",False,37,,,,,,,HC_conf_high,2.062921831602868,0.08708285035335236,1.8973529932691218,2.002564976019235,2.0619267002624304,2.1199743414580263,2.235485439153508,0.001570545331670536
a_subj(HC_conf_high).38,a_subj,True,False,True,a_subj(HC_conf_high).38,"('HC_conf_high',)","['group_prev_conf', 'subj_idx']",False,38,,,,,,,HC_conf_high,1.7550823953427634,0.07269442515864309,1.622787741648481,1.7041204020552945,1.752249999718472,1.8022429545639456,1.9040309840648955,0.001208862908301952
a_subj(HC_conf_low).1,a_subj,True,False,True,a_subj(HC_conf_low).1,"('HC_conf_low',)","['group_prev_conf', 'subj_idx']",False,1,,,,,,,HC_conf_low,1.521718474497441,0.0640089034936826,1.4027007938869225,1.4771737989973546,1.519666230957252,1.5633592995018464,1.6507753916532573,0.0009240212968881506
a_subj(HC_conf_low).2,a_subj,True,False,True,a_subj(HC_conf_low).2,"('HC_conf_low',)","['group_prev_conf', 'subj_idx']",False,2,,,,,,,HC_conf_low,2.4862848576237835,0.10917388243114633,2.2901265283276517,2.4119651381785845,2.479351822855653,2.5517040911086712,2.728269659826498,0.002201632390623656
a_subj(HC_conf_low).4,a_subj,True,False,True,a_subj(HC_conf_low).4,"('HC_conf_low',)","['group_prev_conf', 'subj_idx']",False,4,,,,,,,HC_conf_low,2.220578510888853,0.09003037089181697,2.049680645886297,2.157601919122351,2.2174880336677414,2.2796186045090328,2.4016305024696534,0.0013617274805968736
a_subj(HC_conf_low).5,a_subj,True,False,True,a_subj(HC_conf_low).5,"('HC_conf_low',)","['group_prev_conf', 'subj_idx']",False,5,,,,,,,HC_conf_low,2.6925475718827454,0.07790321229166709,2.545271366954984,2.6399932606414467,2.6901481703756756,2.7448113752661603,2.8485357010585832,0.0010566214882288777
a_subj(HC_conf_low).8,a_subj,True,False,True,a_subj(HC_conf_low).8,"('HC_conf_low',)","['group_prev_conf', 'subj_idx']",False,8,,,,,,,HC_conf_low,2.243328804864055,0.07767455057655664,2.0973956430480234,2.1899707782081124,2.24049323779772,2.2946490317838735,2.401402939934875,0.0011256304003431806
a_subj(HC_conf_low).9,a_subj,True,False,True,a_subj(HC_conf_low).9,"('HC_conf_low',)","['group_prev_conf', 'subj_idx']",False,9,,,,,,,HC_conf_low,3.4817655063682706,0.1301169373040303,3.23299439122086,3.3932574111268425,3.479104205979663,3.5701845847531892,3.7404651526814368,0.001609596236835659
a_subj(HC_conf_low).12,a_subj,True,False,True,a_subj(HC_conf_low).12,"('HC_conf_low',)","['group_prev_conf', 'subj_idx']",False,12,,,,,,,HC_conf_low,2.4947400734321463,0.09836955885828068,2.3129049936981714,2.4262314922703063,2.4911349216944494,2.5587302326428647,2.6959182301151543,0.0015235844451575529
a_subj(HC_conf_low).16,a_subj,True,False,True,a_subj(HC_conf_low).16,"('HC_conf_low',)","['group_prev_conf', 'subj_idx']",False,16,,,,,,,HC_conf_low,1.941629643493939,0.07750036901150767,1.792035538625667,1.8890204827690913,1.9410490107180798,1.994238619829038,2.0949039200744966,0.0011499156767489681
a_subj(HC_conf_low).18,a_subj,True,False,True,a_subj(HC_conf_low).18,"('HC_conf_low',)","['group_prev_conf', 'subj_idx']",False,18,,,,,,,HC_conf_low,2.0154426688005715,0.07374110339733866,1.8766268949397191,1.9645124188915988,2.013096528381088,2.065191569193281,2.160622784587641,0.0010818488899207153
a_subj(HC_conf_low).19,a_subj,True,False,True,a_subj(HC_conf_low).19,"('HC_conf_low',)","['group_prev_conf', 'subj_idx']",False,19,,,,,,,HC_conf_low,2.693336824706163,0.10521744088004206,2.4958451020365957,2.6209647874684805,2.6902138913527387,2.762691842775591,2.9067865845686787,0.001525330646670054
a_subj(HC_conf_low).23,a_subj,True,False,True,a_subj(HC_conf_low).23,"('HC_conf_low',)","['group_prev_conf', 'subj_idx']",False,23,,,,,,,HC_conf_low,1.512120978552734,0.057617661155224355,1.4062280135217295,1.4713975868257887,1.5109312542100803,1.5491319089932811,1.6325867742534799,0.0009378321829295148
a_subj(HC_conf_low).25,a_subj,True,False,True,a_subj(HC_conf_low).25,"('HC_conf_low',)","['group_prev_conf', 'subj_idx']",False,25,,,,,,,HC_conf_low,2.4253500942333,0.08771653039079505,2.256402498899019,2.36637690218042,2.423747877462393,2.482532775340541,2.6026344000067176,0.0013545936935479789
a_subj(HC_conf_low).26,a_subj,True,False,True,a_subj(HC_conf_low).26,"('HC_conf_low',)","['group_prev_conf', 'subj_idx']",False,26,,,,,,,HC_conf_low,2.3494602787668746,0.08638582620715543,2.1857896172115288,2.2893648134014684,2.3468218083963706,2.4081740638911246,2.5225524621685156,0.0011514611249001372
a_subj(HC_conf_low).29,a_subj,True,False,True,a_subj(HC_conf_low).29,"('HC_conf_low',)","['group_prev_conf', 'subj_idx']",False,29,,,,,,,HC_conf_low,2.4679266461861147,0.0881112374787927,2.302016545853878,2.406719951404585,2.4657984410062266,2.5263511990285714,2.6478340208659734,0.0011930732832616557
a_subj(HC_conf_low).30,a_subj,True,False,True,a_subj(HC_conf_low).30,"('HC_conf_low',)","['group_prev_conf', 'subj_idx']",False,30,,,,,,,HC_conf_low,1.928094462110298,0.07586787983426777,1.7837836462401484,1.8762950185774876,1.9254717161583872,1.9782361142975442,2.0858065406891493,0.000983035960727791
a_subj(HC_conf_low).31,a_subj,True,False,True,a_subj(HC_conf_low).31,"('HC_conf_low',)","['group_prev_conf', 'subj_idx']",False,31,,,,,,,HC_conf_low,2.56837661565554,0.09791953838852573,2.3846885668025117,2.499909366444725,2.565984141624111,2.6327987089666323,2.7651065681616576,0.001210764927130345
a_subj(HC_conf_low).32,a_subj,True,False,True,a_subj(HC_conf_low).32,"('HC_conf_low',)","['group_prev_conf', 'subj_idx']",False,32,,,,,,,HC_conf_low,2.9276727347714813,0.10893364249195803,2.722720602934031,2.8527263891447685,2.925699600505288,2.9999766399814547,3.148637728599235,0.0012007822878006766
a_subj(HC_conf_low).35,a_subj,True,False,True,a_subj(HC_conf_low).35,"('HC_conf_low',)","['group_prev_conf', 'subj_idx']",False,35,,,,,,,HC_conf_low,2.1522822782261355,0.08567856814234652,1.9880940900138584,2.0929921408627354,2.1505938822128834,2.2102943915686977,2.3244794809812905,0.0012000370993554455
a_subj(HC_conf_low).36,a_subj,True,False,True,a_subj(HC_conf_low).36,"('HC_conf_low',)","['group_prev_conf', 'subj_idx']",False,36,,,,,,,HC_conf_low,3.25808635799206,0.1236524795625595,3.0221526616395242,3.174937425152488,3.256282797518124,3.342174017147965,3.5017539585779716,0.0017574215949383919
a_subj(HC_conf_low).37,a_subj,True,False,True,a_subj(HC_conf_low).37,"('HC_conf_low',)","['group_prev_conf', 'subj_idx']",False,37,,,,,,,HC_conf_low,2.1736253412301902,0.08164775974198869,2.015317804580651,2.1182892879106845,2.1726034439416546,2.227758146878719,2.337271814316831,0.0011518599587493387
a_subj(HC_conf_low).38,a_subj,True,False,True,a_subj(HC_conf_low).38,"('HC_conf_low',)","['group_prev_conf', 'subj_idx']",False,38,,,,,,,HC_conf_low,1.8810166336074294,0.06891426987906209,1.7511223858550824,1.8340116161524116,1.8809723909255782,1.9269610922274993,2.0168974775881394,0.0009846137246227328
a_subj(SSD_conf_high).0,a_subj,True,False,True,a_subj(SSD_conf_high).0,"('SSD_conf_high',)","['group_prev_conf', 'subj_idx']",False,0,,,,,,,SSD_conf_high,2.5930132884232897,0.10743778989816213,2.3869396464946626,2.518479683560329,2.5914106629165077,2.6651189912860396,2.806384233329811,0.0016356701695201495
a_subj(SSD_conf_high).3,a_subj,True,False,True,a_subj(SSD_conf_high).3,"('SSD_conf_high',)","['group_prev_conf', 'subj_idx']",False,3,,,,,,,SSD_conf_high,2.951638807347985,0.10956272097691647,2.7456225163479013,2.8771186092096626,2.9487984942795675,3.022438532135227,3.1738264363397883,0.001291902870523031
a_subj(SSD_conf_high).6,a_subj,True,False,True,a_subj(SSD_conf_high).6,"('SSD_conf_high',)","['group_prev_conf', 'subj_idx']",False,6,,,,,,,SSD_conf_high,1.7168662332424247,0.07224951103463739,1.578154147021892,1.6682298032243992,1.7171962230892244,1.7641805399895214,1.8635128818042934,0.001190847061141584
a_subj(SSD_conf_high).7,a_subj,True,False,True,a_subj(SSD_conf_high).7,"('SSD_conf_high',)","['group_prev_conf', 'subj_idx']",False,7,,,,,,,SSD_conf_high,2.2817238642954787,0.09371759779406537,2.1054827080153506,2.2153869173056036,2.2795465041197014,2.3431267993690117,2.4742155086482587,0.0014024250904779436
a_subj(SSD_conf_high).10,a_subj,True,False,True,a_subj(SSD_conf_high).10,"('SSD_conf_high',)","['group_prev_conf', 'subj_idx']",False,10,,,,,,,SSD_conf_high,2.872048401168125,0.10608355512650233,2.6708654144679276,2.7972735497800807,2.870081835759276,2.943533130491777,3.0831266851049515,0.0013494145498611349
a_subj(SSD_conf_high).11,a_subj,True,False,True,a_subj(SSD_conf_high).11,"('SSD_conf_high',)","['group_prev_conf', 'subj_idx']",False,11,,,,,,,SSD_conf_high,2.8461865407536053,0.11495503219404207,2.6309541375854,2.766096976286211,2.8428412058520065,2.9217470569524675,3.0750408563947196,0.001514753740006695
a_subj(SSD_conf_high).13,a_subj,True,False,True,a_subj(SSD_conf_high).13,"('SSD_conf_high',)","['group_prev_conf', 'subj_idx']",False,13,,,,,,,SSD_conf_high,1.429864438230356,0.058474450603435514,1.3176834022925623,1.390149856674756,1.428712429921709,1.4674917435505415,1.549955787933729,0.0007428698892980617
a_subj(SSD_conf_high).14,a_subj,True,False,True,a_subj(SSD_conf_high).14,"('SSD_conf_high',)","['group_prev_conf', 'subj_idx']",False,14,,,,,,,SSD_conf_high,2.514705723133031,0.11284012630884385,2.2990532194463,2.4370666319856955,2.50988755504296,2.5905000321967586,2.7407107282937258,0.0016698101652080268
a_subj(SSD_conf_high).15,a_subj,True,False,True,a_subj(SSD_conf_high).15,"('SSD_conf_high',)","['group_prev_conf', 'subj_idx']",False,15,,,,,,,SSD_conf_high,2.9762471561969344,0.11336280554991626,2.7625500761322828,2.898453713568788,2.973383688319463,3.051734921880817,3.2083734684707474,0.0014374119481225056
a_subj(SSD_conf_high).17,a_subj,True,False,True,a_subj(SSD_conf_high).17,"('SSD_conf_high',)","['group_prev_conf', 'subj_idx']",False,17,,,,,,,SSD_conf_high,2.8570210352934864,0.11279913753693382,2.6444372078855527,2.7781660763113663,2.8547678483408263,2.9318040908901533,3.088238223989248,0.0014693544133647187
a_subj(SSD_conf_high).20,a_subj,True,False,True,a_subj(SSD_conf_high).20,"('SSD_conf_high',)","['group_prev_conf', 'subj_idx']",False,20,,,,,,,SSD_conf_high,1.9907535708302997,0.07956736180870583,1.839746094430684,1.9360171703655569,1.989001222096318,2.042999604071229,2.153860706009314,0.0012074800553375218
a_subj(SSD_conf_high).21,a_subj,True,False,True,a_subj(SSD_conf_high).21,"('SSD_conf_high',)","['group_prev_conf', 'subj_idx']",False,21,,,,,,,SSD_conf_high,2.966495509408406,0.11920096725054051,2.7369198040939073,2.885556375673062,2.963836361355085,3.0459886473199367,3.202054636376328,0.0015988245736758815
a_subj(SSD_conf_high).22,a_subj,True,False,True,a_subj(SSD_conf_high).22,"('SSD_conf_high',)","['group_prev_conf', 'subj_idx']",False,22,,,,,,,SSD_conf_high,2.5752411339953256,0.11059168522938906,2.3664009005764086,2.4987316796880137,2.572735893847108,2.6482292361252324,2.799168587833093,0.001338344883473422
a_subj(SSD_conf_high).24,a_subj,True,False,True,a_subj(SSD_conf_high).24,"('SSD_conf_high',)","['group_prev_conf', 'subj_idx']",False,24,,,,,,,SSD_conf_high,2.031780211398411,0.09007147300663641,1.8575129961098495,1.970699832376702,2.032403367350327,2.0919740661041395,2.2046481530314224,0.0015581984574432758
a_subj(SSD_conf_high).27,a_subj,True,False,True,a_subj(SSD_conf_high).27,"('SSD_conf_high',)","['group_prev_conf', 'subj_idx']",False,27,,,,,,,SSD_conf_high,2.4478203959967897,0.08920796726484674,2.2766664622228374,2.3871471197729117,2.446290199516027,2.507929301371429,2.627187858390212,0.0013088591423405865
a_subj(SSD_conf_high).28,a_subj,True,False,True,a_subj(SSD_conf_high).28,"('SSD_conf_high',)","['group_prev_conf', 'subj_idx']",False,28,,,,,,,SSD_conf_high,2.9946913809261853,0.12516346857204727,2.760575734927451,2.90793118069368,2.990971156964836,3.0775752825299905,3.249312695323825,0.0021085714420302276
a_subj(SSD_conf_high).33,a_subj,True,False,True,a_subj(SSD_conf_high).33,"('SSD_conf_high',)","['group_prev_conf', 'subj_idx']",False,33,,,,,,,SSD_conf_high,2.1679759689694458,0.08542760872596249,2.0041710052954222,2.1097257169044283,2.16462450654292,2.223656465437585,2.3391181377473833,0.0010854761441127612
a_subj(SSD_conf_high).34,a_subj,True,False,True,a_subj(SSD_conf_high).34,"('SSD_conf_high',)","['group_prev_conf', 'subj_idx']",False,34,,,,,,,SSD_conf_high,2.8147854965516115,0.10567793212621573,2.612210927318462,2.743267085380224,2.8124070559288503,2.8840456632064897,3.0268234357990753,0.0015020507942656864
a_subj(SSD_conf_high).39,a_subj,True,False,True,a_subj(SSD_conf_high).39,"('SSD_conf_high',)","['group_prev_conf', 'subj_idx']",False,39,,,,,,,SSD_conf_high,2.650729793981207,0.10900568041292165,2.4437340486355392,2.57773475260529,2.6474138604195554,2.7230108608692327,2.869713161728053,0.001518413607920664
a_subj(SSD_conf_low).0,a_subj,True,False,True,a_subj(SSD_conf_low).0,"('SSD_conf_low',)","['group_prev_conf', 'subj_idx']",False,0,,,,,,,SSD_conf_low,2.4575987616012287,0.10780225438227828,2.251009844289803,2.386502482400793,2.456995504645927,2.527804177786639,2.67180272738271,0.001700718986653082
a_subj(SSD_conf_low).3,a_subj,True,False,True,a_subj(SSD_conf_low).3,"('SSD_conf_low',)","['group_prev_conf', 'subj_idx']",False,3,,,,,,,SSD_conf_low,3.036411609250893,0.10843784274802117,2.8275728601324777,2.963017609628582,3.0334601218337154,3.1085625670669437,3.257800490065975,0.001415588062434586
a_subj(SSD_conf_low).6,a_subj,True,False,True,a_subj(SSD_conf_low).6,"('SSD_conf_low',)","['group_prev_conf', 'subj_idx']",False,6,,,,,,,SSD_conf_low,2.4203566594153236,0.1035556551306618,2.225740625587186,2.3479461420823897,2.4196417537870722,2.4886060365222358,2.6327431493059152,0.0014131434986020762
a_subj(SSD_conf_low).7,a_subj,True,False,True,a_subj(SSD_conf_low).7,"('SSD_conf_low',)","['group_prev_conf', 'subj_idx']",False,7,,,,,,,SSD_conf_low,2.581396289806939,0.1039373351327926,2.3858143259765914,2.511654584450305,2.576895298409609,2.6480103124123873,2.793458327175946,0.001470773629612907
a_subj(SSD_conf_low).10,a_subj,True,False,True,a_subj(SSD_conf_low).10,"('SSD_conf_low',)","['group_prev_conf', 'subj_idx']",False,10,,,,,,,SSD_conf_low,2.7660362510475744,0.10378955729421228,2.5739656955687797,2.6943493027740684,2.7628958784131328,2.834381091777154,2.979171377261154,0.001556980970180839
a_subj(SSD_conf_low).11,a_subj,True,False,True,a_subj(SSD_conf_low).11,"('SSD_conf_low',)","['group_prev_conf', 'subj_idx']",False,11,,,,,,,SSD_conf_low,2.8981259394027483,0.11443841903939406,2.6825256993568303,2.818290201810792,2.894554315445187,2.9723882272840108,3.131993063442335,0.0016921215887531122
a_subj(SSD_conf_low).13,a_subj,True,False,True,a_subj(SSD_conf_low).13,"('SSD_conf_low',)","['group_prev_conf', 'subj_idx']",False,13,,,,,,,SSD_conf_low,1.7452480142922284,0.06573634869139568,1.6216411289593975,1.7010933641101724,1.7434335286852276,1.7887690185157012,1.8780461620705053,0.0008418855540167595
a_subj(SSD_conf_low).14,a_subj,True,False,True,a_subj(SSD_conf_low).14,"('SSD_conf_low',)","['group_prev_conf', 'subj_idx']",False,14,,,,,,,SSD_conf_low,2.984342941464778,0.12467147065572494,2.7509618623521384,2.897969222822887,2.9812626793986032,3.066061561551681,3.238785969517731,0.001460601638880027
a_subj(SSD_conf_low).15,a_subj,True,False,True,a_subj(SSD_conf_low).15,"('SSD_conf_low',)","['group_prev_conf', 'subj_idx']",False,15,,,,,,,SSD_conf_low,2.6160822883967008,0.0953311345688973,2.4341022924758606,2.551308811025089,2.6140606441104355,2.6789330989438063,2.812657747202814,0.0012603550288987435
a_subj(SSD_conf_low).17,a_subj,True,False,True,a_subj(SSD_conf_low).17,"('SSD_conf_low',)","['group_prev_conf', 'subj_idx']",False,17,,,,,,,SSD_conf_low,2.886690449389871,0.12158691628962101,2.652807816745905,2.8028409163355397,2.8851874399357085,2.9684586763194707,3.1320213168671325,0.001671322411719241
a_subj(SSD_conf_low).20,a_subj,True,False,True,a_subj(SSD_conf_low).20,"('SSD_conf_low',)","['group_prev_conf', 'subj_idx']",False,20,,,,,,,SSD_conf_low,2.15048808872714,0.08045640453301861,1.9994498486422227,2.0953468151351213,2.148810674934478,2.20297344753795,2.3127903725161953,0.0011721164097395777
a_subj(SSD_conf_low).21,a_subj,True,False,True,a_subj(SSD_conf_low).21,"('SSD_conf_low',)","['group_prev_conf', 'subj_idx']",False,21,,,,,,,SSD_conf_low,3.214510351281787,0.12386139093567256,2.975581658259038,3.131060812100357,3.212816780186313,3.297435778556252,3.465508820297795,0.0014628609785172727
a_subj(SSD_conf_low).22,a_subj,True,False,True,a_subj(SSD_conf_low).22,"('SSD_conf_low',)","['group_prev_conf', 'subj_idx']",False,22,,,,,,,SSD_conf_low,2.4588277337301214,0.08806206343312802,2.2938164138978028,2.3980362514946827,2.4569441662662364,2.516202396353583,2.642052650906657,0.0012844280258988718
a_subj(SSD_conf_low).24,a_subj,True,False,True,a_subj(SSD_conf_low).24,"('SSD_conf_low',)","['group_prev_conf', 'subj_idx']",False,24,,,,,,,SSD_conf_low,1.8622089225142182,0.07338020729496962,1.7240561771834644,1.8120471636544115,1.860934927297545,1.9111883170073818,2.008878689457538,0.0011615184578031644
a_subj(SSD_conf_low).27,a_subj,True,False,True,a_subj(SSD_conf_low).27,"('SSD_conf_low',)","['group_prev_conf', 'subj_idx']",False,27,,,,,,,SSD_conf_low,2.5551319728432036,0.09255722092204943,2.384956050429628,2.489953069378482,2.552083673854421,2.6175763019847897,2.7424414247230877,0.0012452976573065553
a_subj(SSD_conf_low).28,a_subj,True,False,True,a_subj(SSD_conf_low).28,"('SSD_conf_low',)","['group_prev_conf', 'subj_idx']",False,28,,,,,,,SSD_conf_low,3.098566339504827,0.14606324465921117,2.8247132731807296,3.0007165285280175,3.092065569821971,3.1917116093290936,3.4055377744627338,0.002025456530499484
a_subj(SSD_conf_low).33,a_subj,True,False,True,a_subj(SSD_conf_low).33,"('SSD_conf_low',)","['group_prev_conf', 'subj_idx']",False,33,,,,,,,SSD_conf_low,2.276457521379499,0.08266382114000001,2.116549302486916,2.2216390280323908,2.2749127734805623,2.3298289836960286,2.444902033383135,0.0011841184873548146
a_subj(SSD_conf_low).34,a_subj,True,False,True,a_subj(SSD_conf_low).34,"('SSD_conf_low',)","['group_prev_conf', 'subj_idx']",False,34,,,,,,,SSD_conf_low,3.1326941144851315,0.11336559324428779,2.9184938841148584,3.054675491721763,3.131241276246606,3.2079667678899444,3.359839479552559,0.0015079520114879667
a_subj(SSD_conf_low).39,a_subj,True,False,True,a_subj(SSD_conf_low).39,"('SSD_conf_low',)","['group_prev_conf', 'subj_idx']",False,39,,,,,,,SSD_conf_low,2.7912202215359656,0.11034337949932027,2.5922212758996976,2.71372577553334,2.7874054175786647,2.862743686127646,3.0208012486936853,0.0014431937072775741
v(HC_conf_high),v,True,False,False,v(HC_conf_high),"('HC_conf_high',)",['group_prev_conf'],False,,,,,,,,HC_conf_high,0.039479311578471496,0.05704578951004772,-0.07190705919503793,0.0013511982549839624,0.04014300951584263,0.07717570234321636,0.15154867843577163,0.0007038274553126208
v(HC_conf_low),v,True,False,False,v(HC_conf_low),"('HC_conf_low',)",['group_prev_conf'],False,,,,,,,,HC_conf_low,-0.003569178799105332,0.05439160795064907,-0.11119817755421263,-0.04013296920919537,-0.004428856798881964,0.03333462727723312,0.1033728422765432,0.0005829939048938252
v(SSD_conf_high),v,True,False,False,v(SSD_conf_high),"('SSD_conf_high',)",['group_prev_conf'],False,,,,,,,,SSD_conf_high,0.16945106477454921,0.05713832424990276,0.05821120314206815,0.13091566806010543,0.1691226534660365,0.20808578104597153,0.2832734014799227,0.0006802949491337242
v(SSD_conf_low),v,True,False,False,v(SSD_conf_low),"('SSD_conf_low',)",['group_prev_conf'],False,,,,,,,,SSD_conf_low,0.20994336084189535,0.05710311175425803,0.09593953702353653,0.1717040736853754,0.2101549313345548,0.24834221172923454,0.32259159360427286,0.0007278199831428402
v_std,v_std,True,False,False,v_std,(),[],False,,,,,,,,,0.23675876384566472,0.022539208008211218,0.19660060982000424,0.22120550461236982,0.23526136053045354,0.25077845129439746,0.2854954797774477,0.0003037362893027047
v_tau,v_tau,False,False,False,v_tau,(),[],True,,,,,,,,,,,,,,,,
v_subj(HC_conf_high).1,v_subj,True,False,True,v_subj(HC_conf_high).1,"('HC_conf_high',)","['group_prev_conf', 'subj_idx']",False,1,,,,,,,HC_conf_high,0.2889971106710431,0.10323660036274873,0.08652479832387294,0.21933876771056793,0.28870270148208177,0.35744698069424774,0.4913184238910103,0.0012503171493521647
v_subj(HC_conf_high).2,v_subj,True,False,True,v_subj(HC_conf_high).2,"('HC_conf_high',)","['group_prev_conf', 'subj_idx']",False,2,,,,,,,HC_conf_high,-0.16732545427268838,0.07437387220755091,-0.31304328361509154,-0.21819562474549237,-0.16606858128504276,-0.11721009169898292,-0.022344020934739306,0.0008411462501462933
v_subj(HC_conf_high).4,v_subj,True,False,True,v_subj(HC_conf_high).4,"('HC_conf_high',)","['group_prev_conf', 'subj_idx']",False,4,,,,,,,HC_conf_high,-0.44016396510516737,0.08442246388988683,-0.6090510660895143,-0.4958519733612896,-0.4395321721895083,-0.38309348026895934,-0.27558456120468977,0.0010249513163996288
v_subj(HC_conf_high).8,v_subj,True,False,True,v_subj(HC_conf_high).8,"('HC_conf_high',)","['group_prev_conf', 'subj_idx']",False,8,,,,,,,HC_conf_high,-0.0034853168413041665,0.08469092342968837,-0.17058353405679716,-0.059590471514070265,-0.004107257972140288,0.05260151850113415,0.1643972154601372,0.0008513903159220564
v_subj(HC_conf_high).9,v_subj,True,False,True,v_subj(HC_conf_high).9,"('HC_conf_high',)","['group_prev_conf', 'subj_idx']",False,9,,,,,,,HC_conf_high,0.15898659518056393,0.06099941389224932,0.038308511228728304,0.11800542737490849,0.15919415123993436,0.2011687502349342,0.27714148631285007,0.0006116268827984727
v_subj(HC_conf_high).12,v_subj,True,False,True,v_subj(HC_conf_high).12,"('HC_conf_high',)","['group_prev_conf', 'subj_idx']",False,12,,,,,,,HC_conf_high,0.08525362240180691,0.06900075444121989,-0.04846153822290178,0.03971625514397996,0.08454789993053949,0.13123771101655918,0.2233691109666589,0.0007557102911510112
v_subj(HC_conf_high).16,v_subj,True,False,True,v_subj(HC_conf_high).16,"('HC_conf_high',)","['group_prev_conf', 'subj_idx']",False,16,,,,,,,HC_conf_high,-0.27664517729902083,0.08593513938031058,-0.44119027245819864,-0.3365053188144339,-0.2772454902851268,-0.21735599120108462,-0.10648226463789162,0.000845836267885486
v_subj(HC_conf_high).18,v_subj,True,False,True,v_subj(HC_conf_high).18,"('HC_conf_high',)","['group_prev_conf', 'subj_idx']",False,18,,,,,,,HC_conf_high,0.08079750928555997,0.0852090499423448,-0.08819337309878839,0.025669015003585205,0.08103698826284178,0.13703332822875658,0.2484973285737927,0.0010071329486430927
v_subj(HC_conf_high).19,v_subj,True,False,True,v_subj(HC_conf_high).19,"('HC_conf_high',)","['group_prev_conf', 'subj_idx']",False,19,,,,,,,HC_conf_high,0.3494060491342298,0.07372856370231465,0.2063167122298606,0.2999953210160422,0.3481462850992326,0.39856809356040557,0.4951269980188233,0.0009595091771986035
v_subj(HC_conf_high).23,v_subj,True,False,True,v_subj(HC_conf_high).23,"('HC_conf_high',)","['group_prev_conf', 'subj_idx']",False,23,,,,,,,HC_conf_high,0.029548007270460582,0.09179913754241435,-0.1497691674554102,-0.03269212346010969,0.029046122866452806,0.09222872544320704,0.20698866973896535,0.0009393139921265168
v_subj(HC_conf_high).25,v_subj,True,False,True,v_subj(HC_conf_high).25,"('HC_conf_high',)","['group_prev_conf', 'subj_idx']",False,25,,,,,,,HC_conf_high,0.5062128665569926,0.09870850401445976,0.3167719247231253,0.43929889383553306,0.5058308005589616,0.5717399177386105,0.6998640232174465,0.0013499692406627795
v_subj(HC_conf_high).26,v_subj,True,False,True,v_subj(HC_conf_high).26,"('HC_conf_high',)","['group_prev_conf', 'subj_idx']",False,26,,,,,,,HC_conf_high,-0.0016994132028230753,0.07682327717218361,-0.15114064093800644,-0.05256282735648239,-0.0024244101875330326,0.04996826985710423,0.15003849468868113,0.0007909225565145013
v_subj(HC_conf_high).29,v_subj,True,False,True,v_subj(HC_conf_high).29,"('HC_conf_high',)","['group_prev_conf', 'subj_idx']",False,29,,,,,,,HC_conf_high,0.09920700284795939,0.07007814529081642,-0.03953432147180219,0.05064451713297213,0.0994322049760778,0.14663762910337552,0.23574520745118033,0.000779379090166063
v_subj(HC_conf_high).30,v_subj,True,False,True,v_subj(HC_conf_high).30,"('HC_conf_high',)","['group_prev_conf', 'subj_idx']",False,30,,,,,,,HC_conf_high,-0.01766566145273891,0.09210055215007265,-0.1989504172026454,-0.08047551478133932,-0.0165210941204572,0.04591398806431157,0.162340199776148,0.0009771134839826907
v_subj(HC_conf_high).31,v_subj,True,False,True,v_subj(HC_conf_high).31,"('HC_conf_high',)","['group_prev_conf', 'subj_idx']",False,31,,,,,,,HC_conf_high,0.012419570395516503,0.06339788716321212,-0.11109033108264324,-0.030473842156486852,0.011614934993799411,0.0547999144846566,0.13593449273102354,0.0007661905829956025
v_subj(HC_conf_high).32,v_subj,True,False,True,v_subj(HC_conf_high).32,"('HC_conf_high',)","['group_prev_conf', 'subj_idx']",False,32,,,,,,,HC_conf_high,0.04284213194910623,0.0642747318893681,-0.08120010248677428,-0.0003316311629890656,0.043232999691813656,0.08589192971136811,0.16829341268488707,0.0007020134711577731
v_subj(HC_conf_high).35,v_subj,True,False,True,v_subj(HC_conf_high).35,"('HC_conf_high',)","['group_prev_conf', 'subj_idx']",False,35,,,,,,,HC_conf_high,-0.30306366452265465,0.07771633649340846,-0.45705153398932674,-0.3546316621561634,-0.302761401650567,-0.2508704819598291,-0.15114374246749357,0.000928225484800434
v_subj(HC_conf_high).36,v_subj,True,False,True,v_subj(HC_conf_high).36,"('HC_conf_high',)","['group_prev_conf', 'subj_idx']",False,36,,,,,,,HC_conf_high,0.1708104152617426,0.06286317343604134,0.048895932623064756,0.1285662153722258,0.17089631781630904,0.21256819447981518,0.2926132577814281,0.0006758044857671969
v_subj(HC_conf_high).37,v_subj,True,False,True,v_subj(HC_conf_high).37,"('HC_conf_high',)","['group_prev_conf', 'subj_idx']",False,37,,,,,,,HC_conf_high,0.05887754853987292,0.07892810567340167,-0.0982228968622898,0.005813228394276976,0.058327582439236414,0.11135657253981524,0.21565952602166089,0.0008744804586627717
v_subj(HC_conf_high).38,v_subj,True,False,True,v_subj(HC_conf_high).38,"('HC_conf_high',)","['group_prev_conf', 'subj_idx']",False,38,,,,,,,HC_conf_high,0.0941356506213193,0.09302221784287179,-0.09038939950836156,0.03139504954382599,0.09483481931169557,0.15655360216668668,0.2756344805607678,0.001018672729347417
v_subj(HC_conf_low).1,v_subj,True,False,True,v_subj(HC_conf_low).1,"('HC_conf_low',)","['group_prev_conf', 'subj_idx']",False,1,,,,,,,HC_conf_low,0.5477939347746774,0.10767955312123603,0.33440182149729375,0.4751800140307282,0.5487071255057467,0.6197790513556886,0.7584211460683254,0.0013815784012468563
v_subj(HC_conf_low).2,v_subj,True,False,True,v_subj(HC_conf_low).2,"('HC_conf_low',)","['group_prev_conf', 'subj_idx']",False,2,,,,,,,HC_conf_low,-0.3633761359839345,0.06749975283828563,-0.4965734325723892,-0.4085140495111341,-0.36348410121451735,-0.31783236217326116,-0.2327510632965315,0.0008046528506835583
v_subj(HC_conf_low).4,v_subj,True,False,True,v_subj(HC_conf_low).4,"('HC_conf_low',)","['group_prev_conf', 'subj_idx']",False,4,,,,,,,HC_conf_low,-0.6018442528136952,0.08460443239203744,-0.7702962173253838,-0.6581297567773137,-0.6002028329923931,-0.5439869913350962,-0.43994930289976886,0.001061727009409647
v_subj(HC_conf_low).5,v_subj,True,False,True,v_subj(HC_conf_low).5,"('HC_conf_low',)","['group_prev_conf', 'subj_idx']",False,5,,,,,,,HC_conf_low,-0.16575748768936185,0.046362682265313815,-0.2562555273649125,-0.19715101470858448,-0.1658495967462006,-0.13429883114208963,-0.0750936383555808,0.0005275399857928708
v_subj(HC_conf_low).8,v_subj,True,False,True,v_subj(HC_conf_low).8,"('HC_conf_low',)","['group_prev_conf', 'subj_idx']",False,8,,,,,,,HC_conf_low,0.11628328211973406,0.0734856198654441,-0.028745552911616193,0.0665454361059653,0.11590380933260194,0.1668980062042894,0.2585987790700548,0.000836011797044049
v_subj(HC_conf_low).9,v_subj,True,False,True,v_subj(HC_conf_low).9,"('HC_conf_low',)","['group_prev_conf', 'subj_idx']",False,9,,,,,,,HC_conf_low,0.03655455133953483,0.051100827806610925,-0.0660575018997146,0.0030226778213228583,0.036368893125081236,0.07082617956091802,0.1371600082407437,0.0005955036728892387
v_subj(HC_conf_low).12,v_subj,True,False,True,v_subj(HC_conf_low).12,"('HC_conf_low',)","['group_prev_conf', 'subj_idx']",False,12,,,,,,,HC_conf_low,-0.10405575594084997,0.067309781364675,-0.23440503873823879,-0.14936336921251336,-0.10399536623313443,-0.0587092463359363,0.028405570216693876,0.0008206466208313208
v_subj(HC_conf_low).16,v_subj,True,False,True,v_subj(HC_conf_low).16,"('HC_conf_low',)","['group_prev_conf', 'subj_idx']",False,16,,,,,,,HC_conf_low,-0.21224823719430966,0.08753168862979832,-0.3842187006360937,-0.27100365627304995,-0.21061237141857314,-0.15267529721349118,-0.04425482409381243,0.0010585984685855605
v_subj(HC_conf_low).18,v_subj,True,False,True,v_subj(HC_conf_low).18,"('HC_conf_low',)","['group_prev_conf', 'subj_idx']",False,18,,,,,,,HC_conf_low,0.06775461611466951,0.08029589948452567,-0.09180153130151902,0.013269229336088706,0.06755451029165999,0.12316400961536147,0.22402843852156373,0.0009460215145289868
v_subj(HC_conf_low).19,v_subj,True,False,True,v_subj(HC_conf_low).19,"('HC_conf_low',)","['group_prev_conf', 'subj_idx']",False,19,,,,,,,HC_conf_low,0.41216263668431585,0.06286841448359085,0.29140232441208924,0.3699461549478879,0.4116533751942819,0.4539988662250324,0.5379908092867384,0.0007660485360234026
v_subj(HC_conf_low).23,v_subj,True,False,True,v_subj(HC_conf_low).23,"('HC_conf_low',)","['group_prev_conf', 'subj_idx']",False,23,,,,,,,HC_conf_low,-0.2570355841616394,0.10193797117229784,-0.4587681589365301,-0.32538223359388735,-0.2561816065124729,-0.18679364740814097,-0.058624447091542464,0.0011372432889949749
v_subj(HC_conf_low).25,v_subj,True,False,True,v_subj(HC_conf_low).25,"('HC_conf_low',)","['group_prev_conf', 'subj_idx']",False,25,,,,,,,HC_conf_low,0.3327481936607029,0.07001786743297173,0.1973995376813733,0.2845000545449261,0.3314377246758244,0.37950770749160245,0.47438453592093266,0.0007977412106693109
v_subj(HC_conf_low).26,v_subj,True,False,True,v_subj(HC_conf_low).26,"('HC_conf_low',)","['group_prev_conf', 'subj_idx']",False,26,,,,,,,HC_conf_low,-0.11942817284984945,0.07015371975615092,-0.25838808975370625,-0.16636708376914,-0.11930419579791662,-0.0719447805842047,0.016920555194253006,0.0007474806465906414
v_subj(HC_conf_low).29,v_subj,True,False,True,v_subj(HC_conf_low).29,"('HC_conf_low',)","['group_prev_conf', 'subj_idx']",False,29,,,,,,,HC_conf_low,0.07759877095210885,0.06646246457802377,-0.053389076500568816,0.03322320594667515,0.07816505697190429,0.12192133766481683,0.20847691954345848,0.0007009980357132065
v_subj(HC_conf_low).30,v_subj,True,False,True,v_subj(HC_conf_low).30,"('HC_conf_low',)","['group_prev_conf', 'subj_idx']",False,30,,,,,,,HC_conf_low,-0.010270513376271629,0.08747115549053273,-0.18140413012045287,-0.06929251950422499,-0.009182351810432698,0.047272192183351824,0.16338884978011592,0.0010402656435627782
v_subj(HC_conf_low).31,v_subj,True,False,True,v_subj(HC_conf_low).31,"('HC_conf_low',)","['group_prev_conf', 'subj_idx']",False,31,,,,,,,HC_conf_low,0.0819720263480316,0.06615141670024378,-0.04808220827522004,0.037584063210881494,0.08109436059923011,0.12703085776071554,0.20869546748715395,0.000669811576158885
v_subj(HC_conf_low).32,v_subj,True,False,True,v_subj(HC_conf_low).32,"('HC_conf_low',)","['group_prev_conf', 'subj_idx']",False,32,,,,,,,HC_conf_low,0.0730049887477463,0.05966207604666333,-0.04266286536720992,0.03234596857742378,0.07217017973903897,0.11333039866256761,0.18946467834431857,0.0006607492139118977
v_subj(HC_conf_low).35,v_subj,True,False,True,v_subj(HC_conf_low).35,"('HC_conf_low',)","['group_prev_conf', 'subj_idx']",False,35,,,,,,,HC_conf_low,-0.13022972738618052,0.0773563725857749,-0.2817056064860619,-0.18215042964551265,-0.12912805353091805,-0.07762271686538136,0.01655807750736904,0.001008368464400136
v_subj(HC_conf_low).36,v_subj,True,False,True,v_subj(HC_conf_low).36,"('HC_conf_low',)","['group_prev_conf', 'subj_idx']",False,36,,,,,,,HC_conf_low,0.006263766599261773,0.05268465048015043,-0.09768541846760373,-0.028895498258882935,0.00582275227574619,0.041120182852081244,0.11008872064525993,0.0006537404104315627
v_subj(HC_conf_low).37,v_subj,True,False,True,v_subj(HC_conf_low).37,"('HC_conf_low',)","['group_prev_conf', 'subj_idx']",False,37,,,,,,,HC_conf_low,0.06424943067016747,0.07537913285694017,-0.08298306323741844,0.012792737073550942,0.06428463214507771,0.11611578080528001,0.2109545338220602,0.0008963831800456222
v_subj(HC_conf_low).38,v_subj,True,False,True,v_subj(HC_conf_low).38,"('HC_conf_low',)","['group_prev_conf', 'subj_idx']",False,38,,,,,,,HC_conf_low,0.06304832047834308,0.08417005179505789,-0.10071896508907519,0.005968676111532831,0.061695885839072095,0.12103876193895591,0.22574514255501227,0.0008980287511187075
v_subj(SSD_conf_high).0,v_subj,True,False,True,v_subj(SSD_conf_high).0,"('SSD_conf_high',)","['group_prev_conf', 'subj_idx']",False,0,,,,,,,SSD_conf_high,0.28979566633963655,0.06976653183742323,0.15622454779352962,0.24226419346790523,0.2891030882475139,0.33707850553498325,0.4265425342137693,0.0007268902622632762
v_subj(SSD_conf_high).3,v_subj,True,False,True,v_subj(SSD_conf_high).3,"('SSD_conf_high',)","['group_prev_conf', 'subj_idx']",False,3,,,,,,,SSD_conf_high,0.01796843246950093,0.05826857301186071,-0.09690218618358137,-0.020561383485999563,0.017756436576928436,0.0570493900181005,0.13305898538488803,0.0005614765824248958
v_subj(SSD_conf_high).6,v_subj,True,False,True,v_subj(SSD_conf_high).6,"('SSD_conf_high',)","['group_prev_conf', 'subj_idx']",False,6,,,,,,,SSD_conf_high,0.266273893263653,0.0967178808797477,0.07577324876430618,0.2026955363502838,0.26523023035005716,0.3320718712983739,0.4559593879617209,0.0011111248654554757
v_subj(SSD_conf_high).7,v_subj,True,False,True,v_subj(SSD_conf_high).7,"('SSD_conf_high',)","['group_prev_conf', 'subj_idx']",False,7,,,,,,,SSD_conf_high,0.24226672827865361,0.07547027654490401,0.09772541875345322,0.19085665037805877,0.24187068440896667,0.293264345765885,0.39190534281547396,0.0009534392144069795
v_subj(SSD_conf_high).10,v_subj,True,False,True,v_subj(SSD_conf_high).10,"('SSD_conf_high',)","['group_prev_conf', 'subj_idx']",False,10,,,,,,,SSD_conf_high,0.09477306334310794,0.05956761517188821,-0.018193606336812496,0.054007820175321776,0.09389587118495021,0.1355282949103997,0.2116012031348138,0.0005861717021297096
v_subj(SSD_conf_high).11,v_subj,True,False,True,v_subj(SSD_conf_high).11,"('SSD_conf_high',)","['group_prev_conf', 'subj_idx']",False,11,,,,,,,SSD_conf_high,0.27112579895776573,0.06378811228040752,0.14485331488400655,0.22875538274834528,0.27100512219931683,0.3137198035763846,0.3975331902126126,0.0007358514447644751
v_subj(SSD_conf_high).13,v_subj,True,False,True,v_subj(SSD_conf_high).13,"('SSD_conf_high',)","['group_prev_conf', 'subj_idx']",False,13,,,,,,,SSD_conf_high,0.540636848250587,0.11441319890836658,0.3241270945298651,0.4612747960652901,0.5390430870781819,0.6185738169471425,0.7679742420116664,0.0012988064574965415
v_subj(SSD_conf_high).14,v_subj,True,False,True,v_subj(SSD_conf_high).14,"('SSD_conf_high',)","['group_prev_conf', 'subj_idx']",False,14,,,,,,,SSD_conf_high,-0.2660935755452492,0.08047206338860718,-0.42219359915967,-0.3196732760325401,-0.2664140540911903,-0.21251415423626902,-0.10624985997241054,0.0008861405941101412
v_subj(SSD_conf_high).15,v_subj,True,False,True,v_subj(SSD_conf_high).15,"('SSD_conf_high',)","['group_prev_conf', 'subj_idx']",False,15,,,,,,,SSD_conf_high,0.1531146660181041,0.059518824544331,0.036725439387015286,0.11260183440417387,0.1529813552595125,0.194259970292459,0.2668436453398469,0.0006392581772373825
v_subj(SSD_conf_high).17,v_subj,True,False,True,v_subj(SSD_conf_high).17,"('SSD_conf_high',)","['group_prev_conf', 'subj_idx']",False,17,,,,,,,SSD_conf_high,0.27958787368781784,0.06413709945000672,0.15521313686212296,0.23554979021616862,0.27993470485686556,0.3227925092811289,0.4040545660730585,0.0006986652402233228
v_subj(SSD_conf_high).20,v_subj,True,False,True,v_subj(SSD_conf_high).20,"('SSD_conf_high',)","['group_prev_conf', 'subj_idx']",False,20,,,,,,,SSD_conf_high,0.015001391621946237,0.08289117093179596,-0.14602701980794358,-0.04152651181988232,0.014284675001328545,0.07200044203920991,0.17668572703876223,0.0008963404397333889
v_subj(SSD_conf_high).21,v_subj,True,False,True,v_subj(SSD_conf_high).21,"('SSD_conf_high',)","['group_prev_conf', 'subj_idx']",False,21,,,,,,,SSD_conf_high,0.1024793025156182,0.059020658053875436,-0.012111770678233803,0.06247019847723892,0.10194333623251225,0.1429431971772488,0.2175015977978867,0.0007080248200395427
v_subj(SSD_conf_high).22,v_subj,True,False,True,v_subj(SSD_conf_high).22,"('SSD_conf_high',)","['group_prev_conf', 'subj_idx']",False,22,,,,,,,SSD_conf_high,0.321931188714074,0.07923475561239578,0.1680152693343887,0.26904159354379703,0.3218024572214856,0.3746350195286572,0.4767168587027114,0.0008599465184059827
v_subj(SSD_conf_high).24,v_subj,True,False,True,v_subj(SSD_conf_high).24,"('SSD_conf_high',)","['group_prev_conf', 'subj_idx']",False,24,,,,,,,SSD_conf_high,0.14443027037932757,0.08515363650057148,-0.025541105193873426,0.08765794166696916,0.14667484797624175,0.20180728304211634,0.3101134758040207,0.0010578838278806544
v_subj(SSD_conf_high).27,v_subj,True,False,True,v_subj(SSD_conf_high).27,"('SSD_conf_high',)","['group_prev_conf', 'subj_idx']",False,27,,,,,,,SSD_conf_high,0.11206509491139485,0.06743279199417823,-0.01900904028524797,0.06564935915261971,0.1129425773785851,0.1575619494742576,0.24381384243193605,0.0006684406554038119
v_subj(SSD_conf_high).28,v_subj,True,False,True,v_subj(SSD_conf_high).28,"('SSD_conf_high',)","['group_prev_conf', 'subj_idx']",False,28,,,,,,,SSD_conf_high,0.32229784595559735,0.06291740783460557,0.2002127968963681,0.28036452319585137,0.3220427868788601,0.36425749915189604,0.4468154185046326,0.0007799853530200799
v_subj(SSD_conf_high).33,v_subj,True,False,True,v_subj(SSD_conf_high).33,"('SSD_conf_high',)","['group_prev_conf', 'subj_idx']",False,33,,,,,,,SSD_conf_high,-0.028343959352935443,0.08022798406273057,-0.18624236182752718,-0.08316188354940235,-0.02709321862725561,0.02676141524907294,0.12767153611727133,0.000943212292482912
v_subj(SSD_conf_high).34,v_subj,True,False,True,v_subj(SSD_conf_high).34,"('SSD_conf_high',)","['group_prev_conf', 'subj_idx']",False,34,,,,,,,SSD_conf_high,0.016866188673297408,0.06136506214717367,-0.10315169076372403,-0.024688114707710485,0.015943833293043184,0.05830885169313618,0.1371388132862839,0.0007079849147287942
v_subj(SSD_conf_high).39,v_subj,True,False,True,v_subj(SSD_conf_high).39,"('SSD_conf_high',)","['group_prev_conf', 'subj_idx']",False,39,,,,,,,SSD_conf_high,0.2846931041123073,0.06912519410322719,0.1497133791127889,0.23876542334377354,0.28455347569668,0.33060565587915886,0.4245749355369361,0.0008298240381200195
v_subj(SSD_conf_low).0,v_subj,True,False,True,v_subj(SSD_conf_low).0,"('SSD_conf_low',)","['group_prev_conf', 'subj_idx']",False,0,,,,,,,SSD_conf_low,0.3359358079718336,0.07169115872800047,0.201305889068645,0.28580742133760634,0.3355781415560175,0.38508744059228595,0.4771193864529976,0.000880622309998624
v_subj(SSD_conf_low).3,v_subj,True,False,True,v_subj(SSD_conf_low).3,"('SSD_conf_low',)","['group_prev_conf', 'subj_idx']",False,3,,,,,,,SSD_conf_low,-0.10246862259954027,0.054507979790433536,-0.20918370586555657,-0.1391856483267792,-0.10220501293290618,-0.06621617673152408,0.006138732559943849,0.0005928033124518136
v_subj(SSD_conf_low).6,v_subj,True,False,True,v_subj(SSD_conf_low).6,"('SSD_conf_low',)","['group_prev_conf', 'subj_idx']",False,6,,,,,,,SSD_conf_low,0.7601446959121952,0.09080480547468155,0.5838550975327473,0.6979205882451083,0.7591765718898618,0.8212822924809409,0.9403280620005394,0.00110267097651971
v_subj(SSD_conf_low).7,v_subj,True,False,True,v_subj(SSD_conf_low).7,"('SSD_conf_low',)","['group_prev_conf', 'subj_idx']",False,7,,,,,,,SSD_conf_low,0.010704376892769098,0.06721731972205246,-0.11974147355562548,-0.035636413665231126,0.010749399589365369,0.05627874040888953,0.1419939581798172,0.0008229564481135775
v_subj(SSD_conf_low).10,v_subj,True,False,True,v_subj(SSD_conf_low).10,"('SSD_conf_low',)","['group_prev_conf', 'subj_idx']",False,10,,,,,,,SSD_conf_low,0.1807579591458687,0.06320305579151848,0.05775405606092554,0.1378674343069781,0.18122467066372078,0.22430052479450618,0.3037747431008553,0.0006839369900294597
v_subj(SSD_conf_low).11,v_subj,True,False,True,v_subj(SSD_conf_low).11,"('SSD_conf_low',)","['group_prev_conf', 'subj_idx']",False,11,,,,,,,SSD_conf_low,0.31266212172677893,0.06254042320614282,0.1905717610368365,0.2712894789184608,0.3124763223024151,0.3547687689520723,0.43487007058368066,0.000806141319145829
v_subj(SSD_conf_low).13,v_subj,True,False,True,v_subj(SSD_conf_low).13,"('SSD_conf_low',)","['group_prev_conf', 'subj_idx']",False,13,,,,,,,SSD_conf_low,0.34286240722692923,0.09650112131650902,0.15504484592370793,0.2773148060129803,0.34337951502995556,0.40803187138557595,0.5323671183721859,0.001117681496743162
v_subj(SSD_conf_low).14,v_subj,True,False,True,v_subj(SSD_conf_low).14,"('SSD_conf_low',)","['group_prev_conf', 'subj_idx']",False,14,,,,,,,SSD_conf_low,-0.04097196234437537,0.06623688296035773,-0.1681534848906363,-0.08627243239902715,-0.04081637740028153,0.002587443602732886,0.08750104535234982,0.0007653224417915515
v_subj(SSD_conf_low).15,v_subj,True,False,True,v_subj(SSD_conf_low).15,"('SSD_conf_low',)","['group_prev_conf', 'subj_idx']",False,15,,,,,,,SSD_conf_low,0.06856837654092805,0.06345628941117325,-0.0537907794233925,0.025417760549020563,0.06757785426112695,0.11231969767157826,0.19276424173515594,0.0007217386072902444
v_subj(SSD_conf_low).17,v_subj,True,False,True,v_subj(SSD_conf_low).17,"('SSD_conf_low',)","['group_prev_conf', 'subj_idx']",False,17,,,,,,,SSD_conf_low,0.3796018537118732,0.06585586195224263,0.25047302329263327,0.33659799039283644,0.37888692094922916,0.4241313676480154,0.5064350976507088,0.0006780228385351499
v_subj(SSD_conf_low).20,v_subj,True,False,True,v_subj(SSD_conf_low).20,"('SSD_conf_low',)","['group_prev_conf', 'subj_idx']",False,20,,,,,,,SSD_conf_low,0.11103191114783505,0.0776664905469012,-0.04217831592089716,0.058230980061488136,0.11091356668621266,0.16238625885437863,0.26484368834919225,0.0009325919439079654
v_subj(SSD_conf_low).21,v_subj,True,False,True,v_subj(SSD_conf_low).21,"('SSD_conf_low',)","['group_prev_conf', 'subj_idx']",False,21,,,,,,,SSD_conf_low,0.03630169066845785,0.05581668377126563,-0.07268009740042214,-0.0002703708028592988,0.03623587300924787,0.07352636189662351,0.14550423468836604,0.0006800979825570014
v_subj(SSD_conf_low).22,v_subj,True,False,True,v_subj(SSD_conf_low).22,"('SSD_conf_low',)","['group_prev_conf', 'subj_idx']",False,22,,,,,,,SSD_conf_low,0.2761312631606492,0.0623457455022785,0.15338420003398323,0.23484856229625656,0.2765014914608068,0.3171664334097446,0.397307263701389,0.0006843213734099931
v_subj(SSD_conf_low).24,v_subj,True,False,True,v_subj(SSD_conf_low).24,"('SSD_conf_low',)","['group_prev_conf', 'subj_idx']",False,24,,,,,,,SSD_conf_low,0.134793190858439,0.08622285261502441,-0.03896911589364738,0.07724246751080582,0.13333056570573032,0.19321787836803087,0.30437891936902334,0.0009593028894691717
v_subj(SSD_conf_low).27,v_subj,True,False,True,v_subj(SSD_conf_low).27,"('SSD_conf_low',)","['group_prev_conf', 'subj_idx']",False,27,,,,,,,SSD_conf_low,0.17832720024252036,0.06488909105339714,0.0492680264690204,0.13449142021340885,0.17928279542859238,0.22172506442627665,0.3038143995807271,0.000682552481317038
v_subj(SSD_conf_low).28,v_subj,True,False,True,v_subj(SSD_conf_low).28,"('SSD_conf_low',)","['group_prev_conf', 'subj_idx']",False,28,,,,,,,SSD_conf_low,0.613386270985454,0.07158861330897236,0.4749311056402962,0.5643974454983833,0.6125261053400355,0.6613279485139708,0.7603524116638027,0.0008721162375836299
v_subj(SSD_conf_low).33,v_subj,True,False,True,v_subj(SSD_conf_low).33,"('SSD_conf_low',)","['group_prev_conf', 'subj_idx']",False,33,,,,,,,SSD_conf_low,0.24014945416889605,0.07137031389166691,0.10107324441133575,0.19299227183272485,0.23788761210966583,0.28894833128820235,0.38084472532670754,0.0007871198648829317
v_subj(SSD_conf_low).34,v_subj,True,False,True,v_subj(SSD_conf_low).34,"('SSD_conf_low',)","['group_prev_conf', 'subj_idx']",False,34,,,,,,,SSD_conf_low,-0.027736717978990882,0.056403618301545264,-0.13759249734568407,-0.06771930275634318,-0.028113030141858578,0.01161245670905453,0.08144244593573924,0.0007175195822298313
v_subj(SSD_conf_low).39,v_subj,True,False,True,v_subj(SSD_conf_low).39,"('SSD_conf_low',)","['group_prev_conf', 'subj_idx']",False,39,,,,,,,SSD_conf_low,0.17530833506678703,0.06088137462642095,0.0536129259246963,0.1356234614926475,0.17552275802891054,0.215673472100482,0.29428550199485404,0.0006918017335138164
t,t,True,False,False,t,(),[],False,,,,,,,,,1.3615109187985672,0.07602579726028814,1.2165830833020927,1.310191275783539,1.3608707979604606,1.4100078319986595,1.512310980411623,0.0009708914993920275
t_std,t_std,True,False,False,t_std,(),[],False,,,,,,,,,0.4868714358764564,0.06061677141324189,0.3839926884730943,0.4442848427835056,0.47996061726790706,0.5232257247327384,0.6212623049720175,0.0007291478316376167
t_rate,t_rate,False,False,False,t_rate,(),[],True,,,,,,,,,,,,,,,,
t_shape,t_shape,False,False,False,t_shape,(),[],True,,,,,,,,,,,,,,,,
t_subj.0,t_subj,True,False,True,t_subj.0,(),['subj_idx'],False,0,,,,,,,,1.446863931186207,0.043081904223776495,1.3694355186999472,1.4183209174296547,1.442593497124869,1.4732081378403583,1.5441762610645122,0.0008187057630689341
t_subj.1,t_subj,True,False,True,t_subj.1,(),['subj_idx'],False,1,,,,,,,,1.0681280292629554,0.012111271255937191,1.0433503200137446,1.060057374438585,1.0687373251556422,1.0766288115282683,1.090751564090943,0.00018239885054983508
t_subj.2,t_subj,True,False,True,t_subj.2,(),['subj_idx'],False,2,,,,,,,,1.6909586468823827,0.059568698268240954,1.5325076995405316,1.6748594814205156,1.6972940115904098,1.7186245640655522,1.8157306036091514,0.001353700939744915
t_subj.3,t_subj,True,False,True,t_subj.3,(),['subj_idx'],False,3,,,,,,,,0.8079989662379533,0.03680312742532467,0.7333950094845914,0.7844218890697883,0.8097659318153005,0.8339410845589699,0.8742166083868201,0.0004940503248911619
t_subj.4,t_subj,True,False,True,t_subj.4,(),['subj_idx'],False,4,,,,,,,,1.3330591193478945,0.02103113675030227,1.2885929929038313,1.3194966088542366,1.333912619441997,1.347663062200989,1.3713716688436188,0.00032929070938121153
t_subj.5,t_subj,True,False,True,t_subj.5,(),['subj_idx'],False,5,,,,,,,,1.7933046646209707,0.030189505308000887,1.7323820563010977,1.774862501033667,1.793732355531383,1.8125956524927662,1.8533141964247188,0.00045158292078868663
t_subj.6,t_subj,True,False,True,t_subj.6,(),['subj_idx'],False,6,,,,,,,,1.1409005373274022,0.015088326681917529,1.1105373895570787,1.1311320829676017,1.1410500676366542,1.1507375299986955,1.1705939166611241,0.0002548186480584167
t_subj.7,t_subj,True,False,True,t_subj.7,(),['subj_idx'],False,7,,,,,,,,2.226124025016538,0.03909917022417761,2.1419926922898758,2.2064190184480434,2.2296451665386487,2.250193423670603,2.2923626132959027,0.0006508395416329028
t_subj.8,t_subj,True,False,True,t_subj.8,(),['subj_idx'],False,8,,,,,,,,1.064938213469959,0.01977257148260343,1.026153648525705,1.0522473738788445,1.065011372342101,1.0773115533697144,1.1054296287751613,0.0003107187580143143
t_subj.9,t_subj,True,False,True,t_subj.9,(),['subj_idx'],False,9,,,,,,,,0.8258357960515055,0.05247057658429256,0.7345443952218685,0.7919099269330332,0.8217071945905706,0.8537706161880118,0.9436445406929168,0.0007300890521049209
t_subj.10,t_subj,True,False,True,t_subj.10,(),['subj_idx'],False,10,,,,,,,,1.4036947697260136,0.0324662335698096,1.3365285564118905,1.3823214898038463,1.405175294355137,1.4265999766387198,1.462810732489168,0.00047029759145116745
t_subj.11,t_subj,True,False,True,t_subj.11,(),['subj_idx'],False,11,,,,,,,,1.2197877748548849,0.038083771104754055,1.146148625334997,1.1948595265575053,1.2191986011567983,1.243494034212543,1.298782468354877,0.0006167005807151647
t_subj.12,t_subj,True,False,True,t_subj.12,(),['subj_idx'],False,12,,,,,,,,1.5605613054076706,0.03824652775509983,1.4845060686018132,1.536903897205913,1.560212778825528,1.5844553432886983,1.6369788355229242,0.0005528885526909227
t_subj.13,t_subj,True,False,True,t_subj.13,(),['subj_idx'],False,13,,,,,,,,0.9663081828265674,0.008349307918161379,0.948893664556539,0.9611244081888973,0.9667054782296676,0.9719987635152405,0.9810974164197682,0.0001192107671707285
t_subj.14,t_subj,True,False,True,t_subj.14,(),['subj_idx'],False,14,,,,,,,,1.485461205704254,0.040381116412988825,1.3818613797719101,1.4656639461553187,1.490373352463714,1.511805971295491,1.5491962721489965,0.0006253736664156616
t_subj.15,t_subj,True,False,True,t_subj.15,(),['subj_idx'],False,15,,,,,,,,1.4518785989533662,0.03174819871014164,1.3889981913439353,1.430699812990222,1.4522881473894207,1.4730127727524822,1.5142502935000095,0.00044007204365193706
t_subj.16,t_subj,True,False,True,t_subj.16,(),['subj_idx'],False,16,,,,,,,,1.0520444615197433,0.020287576446331702,1.0115709398388473,1.038093613370103,1.0528562736577645,1.0667302271133021,1.089312887285772,0.00032733051580688383
t_subj.17,t_subj,True,False,True,t_subj.17,(),['subj_idx'],False,17,,,,,,,,3.104564968923851,0.045396545762903966,3.0277194477579457,3.074643871700513,3.099757488472927,3.12806572497179,3.2130543650543903,0.000761751781617649
t_subj.18,t_subj,True,False,True,t_subj.18,(),['subj_idx'],False,18,,,,,,,,1.2716908652161114,0.0184949903546937,1.2318102479949768,1.2603397028709273,1.2725082852896432,1.28385808984297,1.3063685206394213,0.00031687205233640935
t_subj.19,t_subj,True,False,True,t_subj.19,(),['subj_idx'],False,19,,,,,,,,1.3081620143834438,0.02974390031059997,1.2437367882616819,1.2905307681595122,1.3097675860342686,1.3283281688696706,1.3613398736072224,0.00048378769881795994
t_subj.20,t_subj,True,False,True,t_subj.20,(),['subj_idx'],False,20,,,,,,,,0.8865792074086452,0.019995365142742787,0.8387249282534519,0.8761201264611675,0.8887005275414525,0.8995800621122622,0.9193774606442207,0.00034458990119966406
t_subj.21,t_subj,True,False,True,t_subj.21,(),['subj_idx'],False,21,,,,,,,,0.9479348522721402,0.05272883125753967,0.8389087138058549,0.9149068391120136,0.9514596918540227,0.9817737021427684,1.04961508901663,0.0006688152740972417
t_subj.22,t_subj,True,False,True,t_subj.22,(),['subj_idx'],False,22,,,,,,,,1.244787569304104,0.027880355738270537,1.1889600447971458,1.2264661679313238,1.2446932567811184,1.2633840880839144,1.299451167045793,0.00038978400344676924
t_subj.23,t_subj,True,False,True,t_subj.23,(),['subj_idx'],False,23,,,,,,,,0.8942434465803476,0.009421381947843142,0.8744044629198774,0.8882469739379325,0.8947255758868988,0.9009055694475091,0.9111433195360471,0.00016176934437477138
t_subj.24,t_subj,True,False,True,t_subj.24,(),['subj_idx'],False,24,,,,,,,,1.1675697459698804,0.03149456280026721,1.1169720688119327,1.1442126089968676,1.1610498817349224,1.1895833079122298,1.234953885468827,0.0006306678103113937
t_subj.25,t_subj,True,False,True,t_subj.25,(),['subj_idx'],False,25,,,,,,,,0.9551095666706233,0.020007664027502616,0.9126246658022221,0.9425787235414147,0.9563308215370128,0.9694318610307174,0.9901447128466156,0.00042303120315192734
t_subj.26,t_subj,True,False,True,t_subj.26,(),['subj_idx'],False,26,,,,,,,,3.280445553030089,0.025038453110029314,3.2250808490075835,3.265875368054005,3.281975016142686,3.297213475800074,3.325151849060201,0.0003708138887741819
t_subj.27,t_subj,True,False,True,t_subj.27,(),['subj_idx'],False,27,,,,,,,,1.3467982397312204,0.0266494129516394,1.2904564866669368,1.329641601266022,1.3479595971320886,1.3652452515481368,1.39547245985846,0.00039835169510198673
t_subj.28,t_subj,True,False,True,t_subj.28,(),['subj_idx'],False,28,,,,,,,,2.1314125818026715,0.04786819033278058,2.0317935902687654,2.106294469886991,2.1345088221777746,2.1622819204172448,2.212618688265427,0.000827619284593579
t_subj.29,t_subj,True,False,True,t_subj.29,(),['subj_idx'],False,29,,,,,,,,1.0390353631261064,0.024593084381014707,0.9863942009023055,1.023581075203905,1.0405054782918917,1.055825739231528,1.0827307805039785,0.000393442339264078
t_subj.30,t_subj,True,False,True,t_subj.30,(),['subj_idx'],False,30,,,,,,,,1.087566619884683,0.013827233436202773,1.0579117784933632,1.079193756045543,1.0882327543072998,1.0969743077810097,1.1125954378880718,0.00022259730830481115
t_subj.31,t_subj,True,False,True,t_subj.31,(),['subj_idx'],False,31,,,,,,,,2.2805411280086916,0.03233218186022167,2.2194709983408365,2.259529614339811,2.2794207780824585,2.3009287305028914,2.3478458066953376,0.00041882988304237274
t_subj.32,t_subj,True,False,True,t_subj.32,(),['subj_idx'],False,32,,,,,,,,0.9849743777045894,0.04417623305442661,0.9061721809263552,0.9540546296042552,0.9812477542180211,1.0147719549292311,1.0753185518221433,0.000688874322748608
t_subj.33,t_subj,True,False,True,t_subj.33,(),['subj_idx'],False,33,,,,,,,,1.5210485147621298,0.02381052498974082,1.479506175366683,1.5058099409186316,1.5198648152588332,1.5337137799300222,1.5784469599432893,0.00035359926017824875
t_subj.34,t_subj,True,False,True,t_subj.34,(),['subj_idx'],False,34,,,,,,,,1.0349718333440852,0.0365892826304928,0.9578531285198564,1.0121857866787756,1.0361555534436933,1.0592936901784022,1.1038691626828434,0.0005289512151382223
t_subj.35,t_subj,True,False,True,t_subj.35,(),['subj_idx'],False,35,,,,,,,,1.7693419284134664,0.028614180950068548,1.7216316226473312,1.749485739619903,1.7648623680652797,1.7855439474955828,1.831477747703812,0.0004466846885583708
t_subj.36,t_subj,True,False,True,t_subj.36,(),['subj_idx'],False,36,,,,,,,,1.2532853220216509,0.05017588236777227,1.1540151581925078,1.220112035463701,1.2535478660484787,1.2842219960874017,1.3564911254863754,0.0007826803625136812
t_subj.37,t_subj,True,False,True,t_subj.37,(),['subj_idx'],False,37,,,,,,,,1.0405255381884069,0.024043524910190465,0.9907154179368294,1.0249846325270036,1.0411170551948687,1.0574936535870183,1.0835153580686754,0.00044829255426849935
t_subj.38,t_subj,True,False,True,t_subj.38,(),['subj_idx'],False,38,,,,,,,,1.505301412542533,0.017622011925462137,1.4666114090132276,1.4942568247070136,1.5070574247578472,1.5179756898525527,1.5355345133315939,0.0002928267274352394
t_subj.39,t_subj,True,False,True,t_subj.39,(),['subj_idx'],False,39,,,,,,,,1.2433528951584123,0.04866157686356776,1.142481378129956,1.2109940136706872,1.250817969005483,1.279396798481686,1.321602608898799,0.0007219619626545766
wfpt(HC_conf_high).1,wfpt,False,True,False,wfpt(HC_conf_high).1,"('HC_conf_high',)","['group_prev_conf', 'subj_idx']",False,1,,,,,,,HC_conf_high,,,,,,,,
wfpt(HC_conf_high).2,wfpt,False,True,False,wfpt(HC_conf_high).2,"('HC_conf_high',)","['group_prev_conf', 'subj_idx']",False,2,,,,,,,HC_conf_high,,,,,,,,
wfpt(HC_conf_high).4,wfpt,False,True,False,wfpt(HC_conf_high).4,"('HC_conf_high',)","['group_prev_conf', 'subj_idx']",False,4,,,,,,,HC_conf_high,,,,,,,,
wfpt(HC_conf_high).8,wfpt,False,True,False,wfpt(HC_conf_high).8,"('HC_conf_high',)","['group_prev_conf', 'subj_idx']",False,8,,,,,,,HC_conf_high,,,,,,,,
wfpt(HC_conf_high).9,wfpt,False,True,False,wfpt(HC_conf_high).9,"('HC_conf_high',)","['group_prev_conf', 'subj_idx']",False,9,,,,,,,HC_conf_high,,,,,,,,
wfpt(HC_conf_high).12,wfpt,False,True,False,wfpt(HC_conf_high).12,"('HC_conf_high',)","['group_prev_conf', 'subj_idx']",False,12,,,,,,,HC_conf_high,,,,,,,,
wfpt(HC_conf_high).16,wfpt,False,True,False,wfpt(HC_conf_high).16,"('HC_conf_high',)","['group_prev_conf', 'subj_idx']",False,16,,,,,,,HC_conf_high,,,,,,,,
wfpt(HC_conf_high).18,wfpt,False,True,False,wfpt(HC_conf_high).18,"('HC_conf_high',)","['group_prev_conf', 'subj_idx']",False,18,,,,,,,HC_conf_high,,,,,,,,
wfpt(HC_conf_high).19,wfpt,False,True,False,wfpt(HC_conf_high).19,"('HC_conf_high',)","['group_prev_conf', 'subj_idx']",False,19,,,,,,,HC_conf_high,,,,,,,,
wfpt(HC_conf_high).23,wfpt,False,True,False,wfpt(HC_conf_high).23,"('HC_conf_high',)","['group_prev_conf', 'subj_idx']",False,23,,,,,,,HC_conf_high,,,,,,,,
wfpt(HC_conf_high).25,wfpt,False,True,False,wfpt(HC_conf_high).25,"('HC_conf_high',)","['group_prev_conf', 'subj_idx']",False,25,,,,,,,HC_conf_high,,,,,,,,
wfpt(HC_conf_high).26,wfpt,False,True,False,wfpt(HC_conf_high).26,"('HC_conf_high',)","['group_prev_conf', 'subj_idx']",False,26,,,,,,,HC_conf_high,,,,,,,,
wfpt(HC_conf_high).29,wfpt,False,True,False,wfpt(HC_conf_high).29,"('HC_conf_high',)","['group_prev_conf', 'subj_idx']",False,29,,,,,,,HC_conf_high,,,,,,,,
wfpt(HC_conf_high).30,wfpt,False,True,False,wfpt(HC_conf_high).30,"('HC_conf_high',)","['group_prev_conf', 'subj_idx']",False,30,,,,,,,HC_conf_high,,,,,,,,
wfpt(HC_conf_high).31,wfpt,False,True,False,wfpt(HC_conf_high).31,"('HC_conf_high',)","['group_prev_conf', 'subj_idx']",False,31,,,,,,,HC_conf_high,,,,,,,,
wfpt(HC_conf_high).32,wfpt,False,True,False,wfpt(HC_conf_high).32,"('HC_conf_high',)","['group_prev_conf', 'subj_idx']",False,32,,,,,,,HC_conf_high,,,,,,,,
wfpt(HC_conf_high).35,wfpt,False,True,False,wfpt(HC_conf_high).35,"('HC_conf_high',)","['group_prev_conf', 'subj_idx']",False,35,,,,,,,HC_conf_high,,,,,,,,
wfpt(HC_conf_high).36,wfpt,False,True,False,wfpt(HC_conf_high).36,"('HC_conf_high',)","['group_prev_conf', 'subj_idx']",False,36,,,,,,,HC_conf_high,,,,,,,,
wfpt(HC_conf_high).37,wfpt,False,True,False,wfpt(HC_conf_high).37,"('HC_conf_high',)","['group_prev_conf', 'subj_idx']",False,37,,,,,,,HC_conf_high,,,,,,,,
wfpt(HC_conf_high).38,wfpt,False,True,False,wfpt(HC_conf_high).38,"('HC_conf_high',)","['group_prev_conf', 'subj_idx']",False,38,,,,,,,HC_conf_high,,,,,,,,
wfpt(HC_conf_low).1,wfpt,False,True,False,wfpt(HC_conf_low).1,"('HC_conf_low',)","['group_prev_conf', 'subj_idx']",False,1,,,,,,,HC_conf_low,,,,,,,,
wfpt(HC_conf_low).2,wfpt,False,True,False,wfpt(HC_conf_low).2,"('HC_conf_low',)","['group_prev_conf', 'subj_idx']",False,2,,,,,,,HC_conf_low,,,,,,,,
wfpt(HC_conf_low).4,wfpt,False,True,False,wfpt(HC_conf_low).4,"('HC_conf_low',)","['group_prev_conf', 'subj_idx']",False,4,,,,,,,HC_conf_low,,,,,,,,
wfpt(HC_conf_low).5,wfpt,False,True,False,wfpt(HC_conf_low).5,"('HC_conf_low',)","['group_prev_conf', 'subj_idx']",False,5,,,,,,,HC_conf_low,,,,,,,,
wfpt(HC_conf_low).8,wfpt,False,True,False,wfpt(HC_conf_low).8,"('HC_conf_low',)","['group_prev_conf', 'subj_idx']",False,8,,,,,,,HC_conf_low,,,,,,,,
wfpt(HC_conf_low).9,wfpt,False,True,False,wfpt(HC_conf_low).9,"('HC_conf_low',)","['group_prev_conf', 'subj_idx']",False,9,,,,,,,HC_conf_low,,,,,,,,
wfpt(HC_conf_low).12,wfpt,False,True,False,wfpt(HC_conf_low).12,"('HC_conf_low',)","['group_prev_conf', 'subj_idx']",False,12,,,,,,,HC_conf_low,,,,,,,,
wfpt(HC_conf_low).16,wfpt,False,True,False,wfpt(HC_conf_low).16,"('HC_conf_low',)","['group_prev_conf', 'subj_idx']",False,16,,,,,,,HC_conf_low,,,,,,,,
wfpt(HC_conf_low).18,wfpt,False,True,False,wfpt(HC_conf_low).18,"('HC_conf_low',)","['group_prev_conf', 'subj_idx']",False,18,,,,,,,HC_conf_low,,,,,,,,
wfpt(HC_conf_low).19,wfpt,False,True,False,wfpt(HC_conf_low).19,"('HC_conf_low',)","['group_prev_conf', 'subj_idx']",False,19,,,,,,,HC_conf_low,,,,,,,,
wfpt(HC_conf_low).23,wfpt,False,True,False,wfpt(HC_conf_low).23,"('HC_conf_low',)","['group_prev_conf', 'subj_idx']",False,23,,,,,,,HC_conf_low,,,,,,,,
wfpt(HC_conf_low).25,wfpt,False,True,False,wfpt(HC_conf_low).25,"('HC_conf_low',)","['group_prev_conf', 'subj_idx']",False,25,,,,,,,HC_conf_low,,,,,,,,
wfpt(HC_conf_low).26,wfpt,False,True,False,wfpt(HC_conf_low).26,"('HC_conf_low',)","['group_prev_conf', 'subj_idx']",False,26,,,,,,,HC_conf_low,,,,,,,,
wfpt(HC_conf_low).29,wfpt,False,True,False,wfpt(HC_conf_low).29,"('HC_conf_low',)","['group_prev_conf', 'subj_idx']",False,29,,,,,,,HC_conf_low,,,,,,,,
wfpt(HC_conf_low).30,wfpt,False,True,False,wfpt(HC_conf_low).30,"('HC_conf_low',)","['group_prev_conf', 'subj_idx']",False,30,,,,,,,HC_conf_low,,,,,,,,
wfpt(HC_conf_low).31,wfpt,False,True,False,wfpt(HC_conf_low).31,"('HC_conf_low',)","['group_prev_conf', 'subj_idx']",False,31,,,,,,,HC_conf_low,,,,,,,,
wfpt(HC_conf_low).32,wfpt,False,True,False,wfpt(HC_conf_low).32,"('HC_conf_low',)","['group_prev_conf', 'subj_idx']",False,32,,,,,,,HC_conf_low,,,,,,,,
wfpt(HC_conf_low).35,wfpt,False,True,False,wfpt(HC_conf_low).35,"('HC_conf_low',)","['group_prev_conf', 'subj_idx']",False,35,,,,,,,HC_conf_low,,,,,,,,
wfpt(HC_conf_low).36,wfpt,False,True,False,wfpt(HC_conf_low).36,"('HC_conf_low',)","['group_prev_conf', 'subj_idx']",False,36,,,,,,,HC_conf_low,,,,,,,,
wfpt(HC_conf_low).37,wfpt,False,True,False,wfpt(HC_conf_low).37,"('HC_conf_low',)","['group_prev_conf', 'subj_idx']",False,37,,,,,,,HC_conf_low,,,,,,,,
wfpt(HC_conf_low).38,wfpt,False,True,False,wfpt(HC_conf_low).38,"('HC_conf_low',)","['group_prev_conf', 'subj_idx']",False,38,,,,,,,HC_conf_low,,,,,,,,
wfpt(SSD_conf_high).0,wfpt,False,True,False,wfpt(SSD_conf_high).0,"('SSD_conf_high',)","['group_prev_conf', 'subj_idx']",False,0,,,,,,,SSD_conf_high,,,,,,,,
wfpt(SSD_conf_high).3,wfpt,False,True,False,wfpt(SSD_conf_high).3,"('SSD_conf_high',)","['group_prev_conf', 'subj_idx']",False,3,,,,,,,SSD_conf_high,,,,,,,,
wfpt(SSD_conf_high).6,wfpt,False,True,False,wfpt(SSD_conf_high).6,"('SSD_conf_high',)","['group_prev_conf', 'subj_idx']",False,6,,,,,,,SSD_conf_high,,,,,,,,
wfpt(SSD_conf_high).7,wfpt,False,True,False,wfpt(SSD_conf_high).7,"('SSD_conf_high',)","['group_prev_conf', 'subj_idx']",False,7,,,,,,,SSD_conf_high,,,,,,,,
wfpt(SSD_conf_high).10,wfpt,False,True,False,wfpt(SSD_conf_high).10,"('SSD_conf_high',)","['group_prev_conf', 'subj_idx']",False,10,,,,,,,SSD_conf_high,,,,,,,,
wfpt(SSD_conf_high).11,wfpt,False,True,False,wfpt(SSD_conf_high).11,"('SSD_conf_high',)","['group_prev_conf', 'subj_idx']",False,11,,,,,,,SSD_conf_high,,,,,,,,
wfpt(SSD_conf_high).13,wfpt,False,True,False,wfpt(SSD_conf_high).13,"('SSD_conf_high',)","['group_prev_conf', 'subj_idx']",False,13,,,,,,,SSD_conf_high,,,,,,,,
wfpt(SSD_conf_high).14,wfpt,False,True,False,wfpt(SSD_conf_high).14,"('SSD_conf_high',)","['group_prev_conf', 'subj_idx']",False,14,,,,,,,SSD_conf_high,,,,,,,,
wfpt(SSD_conf_high).15,wfpt,False,True,False,wfpt(SSD_conf_high).15,"('SSD_conf_high',)","['group_prev_conf', 'subj_idx']",False,15,,,,,,,SSD_conf_high,,,,,,,,
wfpt(SSD_conf_high).17,wfpt,False,True,False,wfpt(SSD_conf_high).17,"('SSD_conf_high',)","['group_prev_conf', 'subj_idx']",False,17,,,,,,,SSD_conf_high,,,,,,,,
wfpt(SSD_conf_high).20,wfpt,False,True,False,wfpt(SSD_conf_high).20,"('SSD_conf_high',)","['group_prev_conf', 'subj_idx']",False,20,,,,,,,SSD_conf_high,,,,,,,,
wfpt(SSD_conf_high).21,wfpt,False,True,False,wfpt(SSD_conf_high).21,"('SSD_conf_high',)","['group_prev_conf', 'subj_idx']",False,21,,,,,,,SSD_conf_high,,,,,,,,
wfpt(SSD_conf_high).22,wfpt,False,True,False,wfpt(SSD_conf_high).22,"('SSD_conf_high',)","['group_prev_conf', 'subj_idx']",False,22,,,,,,,SSD_conf_high,,,,,,,,
wfpt(SSD_conf_high).24,wfpt,False,True,False,wfpt(SSD_conf_high).24,"('SSD_conf_high',)","['group_prev_conf', 'subj_idx']",False,24,,,,,,,SSD_conf_high,,,,,,,,
wfpt(SSD_conf_high).27,wfpt,False,True,False,wfpt(SSD_conf_high).27,"('SSD_conf_high',)","['group_prev_conf', 'subj_idx']",False,27,,,,,,,SSD_conf_high,,,,,,,,
wfpt(SSD_conf_high).28,wfpt,False,True,False,wfpt(SSD_conf_high).28,"('SSD_conf_high',)","['group_prev_conf', 'subj_idx']",False,28,,,,,,,SSD_conf_high,,,,,,,,
wfpt(SSD_conf_high).33,wfpt,False,True,False,wfpt(SSD_conf_high).33,"('SSD_conf_high',)","['group_prev_conf', 'subj_idx']",False,33,,,,,,,SSD_conf_high,,,,,,,,
wfpt(SSD_conf_high).34,wfpt,False,True,False,wfpt(SSD_conf_high).34,"('SSD_conf_high',)","['group_prev_conf', 'subj_idx']",False,34,,,,,,,SSD_conf_high,,,,,,,,
wfpt(SSD_conf_high).39,wfpt,False,True,False,wfpt(SSD_conf_high).39,"('SSD_conf_high',)","['group_prev_conf', 'subj_idx']",False,39,,,,,,,SSD_conf_high,,,,,,,,
wfpt(SSD_conf_low).0,wfpt,False,True,False,wfpt(SSD_conf_low).0,"('SSD_conf_low',)","['group_prev_conf', 'subj_idx']",False,0,,,,,,,SSD_conf_low,,,,,,,,
wfpt(SSD_conf_low).3,wfpt,False,True,False,wfpt(SSD_conf_low).3,"('SSD_conf_low',)","['group_prev_conf', 'subj_idx']",False,3,,,,,,,SSD_conf_low,,,,,,,,
wfpt(SSD_conf_low).6,wfpt,False,True,False,wfpt(SSD_conf_low).6,"('SSD_conf_low',)","['group_prev_conf', 'subj_idx']",False,6,,,,,,,SSD_conf_low,,,,,,,,
wfpt(SSD_conf_low).7,wfpt,False,True,False,wfpt(SSD_conf_low).7,"('SSD_conf_low',)","['group_prev_conf', 'subj_idx']",False,7,,,,,,,SSD_conf_low,,,,,,,,
wfpt(SSD_conf_low).10,wfpt,False,True,False,wfpt(SSD_conf_low).10,"('SSD_conf_low',)","['group_prev_conf', 'subj_idx']",False,10,,,,,,,SSD_conf_low,,,,,,,,
wfpt(SSD_conf_low).11,wfpt,False,True,False,wfpt(SSD_conf_low).11,"('SSD_conf_low',)","['group_prev_conf', 'subj_idx']",False,11,,,,,,,SSD_conf_low,,,,,,,,
wfpt(SSD_conf_low).13,wfpt,False,True,False,wfpt(SSD_conf_low).13,"('SSD_conf_low',)","['group_prev_conf', 'subj_idx']",False,13,,,,,,,SSD_conf_low,,,,,,,,
wfpt(SSD_conf_low).14,wfpt,False,True,False,wfpt(SSD_conf_low).14,"('SSD_conf_low',)","['group_prev_conf', 'subj_idx']",False,14,,,,,,,SSD_conf_low,,,,,,,,
wfpt(SSD_conf_low).15,wfpt,False,True,False,wfpt(SSD_conf_low).15,"('SSD_conf_low',)","['group_prev_conf', 'subj_idx']",False,15,,,,,,,SSD_conf_low,,,,,,,,
wfpt(SSD_conf_low).17,wfpt,False,True,False,wfpt(SSD_conf_low).17,"('SSD_conf_low',)","['group_prev_conf', 'subj_idx']",False,17,,,,,,,SSD_conf_low,,,,,,,,
wfpt(SSD_conf_low).20,wfpt,False,True,False,wfpt(SSD_conf_low).20,"('SSD_conf_low',)","['group_prev_conf', 'subj_idx']",False,20,,,,,,,SSD_conf_low,,,,,,,,
wfpt(SSD_conf_low).21,wfpt,False,True,False,wfpt(SSD_conf_low).21,"('SSD_conf_low',)","['group_prev_conf', 'subj_idx']",False,21,,,,,,,SSD_conf_low,,,,,,,,
wfpt(SSD_conf_low).22,wfpt,False,True,False,wfpt(SSD_conf_low).22,"('SSD_conf_low',)","['group_prev_conf', 'subj_idx']",False,22,,,,,,,SSD_conf_low,,,,,,,,
wfpt(SSD_conf_low).24,wfpt,False,True,False,wfpt(SSD_conf_low).24,"('SSD_conf_low',)","['group_prev_conf', 'subj_idx']",False,24,,,,,,,SSD_conf_low,,,,,,,,
wfpt(SSD_conf_low).27,wfpt,False,True,False,wfpt(SSD_conf_low).27,"('SSD_conf_low',)","['group_prev_conf', 'subj_idx']",False,27,,,,,,,SSD_conf_low,,,,,,,,
wfpt(SSD_conf_low).28,wfpt,False,True,False,wfpt(SSD_conf_low).28,"('SSD_conf_low',)","['group_prev_conf', 'subj_idx']",False,28,,,,,,,SSD_conf_low,,,,,,,,
wfpt(SSD_conf_low).33,wfpt,False,True,False,wfpt(SSD_conf_low).33,"('SSD_conf_low',)","['group_prev_conf', 'subj_idx']",False,33,,,,,,,SSD_conf_low,,,,,,,,
wfpt(SSD_conf_low).34,wfpt,False,True,False,wfpt(SSD_conf_low).34,"('SSD_conf_low',)","['group_prev_conf', 'subj_idx']",False,34,,,,,,,SSD_conf_low,,,,,,,,
wfpt(SSD_conf_low).39,wfpt,False,True,False,wfpt(SSD_conf_low).39,"('SSD_conf_low',)","['group_prev_conf', 'subj_idx']",False,39,,,,,,,SSD_conf_low,,,,,,,,
